TEAM,GP,W,L,MIN,OPPFGM,OPPFGA,OPPFG%,OPP3PM,OPP3PA,OPP3P%,OPPFTM,OPPFTA,OPPFT%,OPPOREB,OPPDREB,OPPREB,OPPAST,OPPTOV,OPPSTL,OPPBLK,OPPBLKA,OPPPF,OPPPFD,OPPPTS,+/-
Orlando Magic,11,4,7,48,37,85.7,43.2,10.2,32,31.8,14.9,19.8,75.2,8.5,37.6,46.2,21.7,14.4,6.3,4.5,6.7,19.7,19.5,99.1,-0.3
Utah Jazz,11,8,3,48,36.2,86.1,42,9.1,29.6,30.7,18.1,23.7,76.2,9.4,33.5,42.9,18,15.1,7.2,4.5,3.7,23.9,22.9,99.5,-5
Los Angeles Lakers,11,9,2,48.5,36.6,86.9,42.2,10.3,32.9,31.2,17.4,22.4,77.6,9.5,34,43.5,23.2,17,7.8,4,7.4,20.2,20.9,100.9,-9.9
Denver Nuggets,11,8,3,48.9,37.2,87.3,42.6,10.2,33.1,30.8,17.4,23.9,72.6,10.5,36.5,47.1,24.2,14.5,6.7,5.4,4.9,21.7,21.3,101.9,-2.8
Indiana Pacers,11,7,4,48.5,37.7,85.7,44,11.1,30.5,36.3,17.5,23.4,74.7,10,33.6,43.6,23.4,16.7,6.3,4.5,5.5,19.5,22.8,104,-5.5
Miami Heat,11,8,3,48.5,37.5,86,43.6,10.7,37.5,28.6,19.3,26.5,72.6,9.5,32.5,42,24.3,18.5,8.8,4.6,5.6,23.5,23.5,104.9,-6.5
Philadelphia 76ers,11,7,4,48,38.4,83.5,46,10,27.2,36.8,19.2,27.2,70.6,7.5,33,40.5,20.8,16.2,8.8,4.1,6,21.7,24.5,105.9,-2.6
Oklahoma City Thunder,11,4,7,48,40,89.7,44.6,8.8,29.5,29.9,17.2,20.9,82.2,10.5,36,46.5,21.4,15.4,7.5,5.2,4.6,22.7,20.5,106,0.7
Toronto Raptors,11,8,3,48.5,38.6,95.5,40.5,13.2,38.5,34.2,16.2,21.3,76.1,13.5,36.5,50,25,15.5,6.7,6.1,5.7,21.5,22.4,106.6,-6
Boston Celtics,10,9,1,48,37.9,88.5,42.8,11.5,34,33.8,19.6,26,75.4,11.7,37.3,49,22.1,15.4,4.5,5.7,6.5,24,23.1,106.9,-9.2
Cleveland Cavaliers,11,4,7,48,41.7,89.1,46.8,11.2,33,33.9,12.5,16.6,74.9,9.7,36.1,45.8,25.4,14.9,7.8,6.8,3.5,21.9,17.8,107.1,1.8
LA Clippers,12,7,5,48,38.4,88.5,43.4,13.3,35.6,37.2,18.5,24.5,75.5,10.3,34.7,44.9,21.3,15.3,7.3,5.3,5.3,24.9,23.4,108.6,-3
New York Knicks,12,3,9,48,38.5,83.5,46.1,12,34.2,35.1,20.7,26.7,77.5,9.5,36.5,46,22.8,15.3,7.9,4.5,4.3,21,24.2,109.7,9.7
Sacramento Kings,10,4,6,48,41.1,83.8,49,11.6,31.4,36.9,16.5,21.8,75.7,8,33.2,41.2,23.3,15.8,8.3,4.8,5,20.4,22.8,110.3,4.7
Chicago Bulls,12,4,8,48,39.5,85.7,46.1,11.1,32.9,33.7,20.4,27.8,73.6,12.2,38.1,50.3,23.8,19.6,7.8,6.5,3.9,22,22.9,110.5,3.1
Phoenix Suns,11,7,4,48.5,39.7,86.6,45.9,9.9,29.3,33.9,21.2,27.9,75.9,8.9,35.3,44.2,23.7,18,8,5.3,3.9,26,25,110.5,-7.1
Atlanta Hawks,11,4,7,48.5,39.4,88.3,44.6,11.8,35.5,33.3,21.2,27,78.5,11.4,32.6,44,23.5,16.2,9,7.1,5.3,21.8,23,111.7,4.7
Dallas Mavericks,11,6,5,48.5,42.3,91.4,46.3,12.1,33.5,36,15.1,20.4,74.1,11,35.6,46.6,23.7,13.5,7.9,4.4,4.6,24.5,19.9,111.7,-2.5
Milwaukee Bucks,11,8,3,48.5,38.9,93.4,41.7,14.9,40,37.3,19.4,25.4,76.3,9.4,38.2,47.5,23.5,15.8,6.9,3.5,5.9,23.8,23,112.1,-8.2
Detroit Pistons,12,4,8,48,42.5,87.2,48.8,10.8,28.4,37.8,16.8,21.4,78.2,9,31.6,40.6,26.9,15.1,8.4,4,5.4,21.9,21.2,112.5,3.6
Charlotte Hornets,11,4,7,48.5,44,89.1,49.4,11.8,33.2,35.6,13.9,18,77.3,10.5,35.5,45.9,27.2,18.2,9.5,5.8,3.7,22.4,19.6,113.7,6.9
Portland Trail Blazers,12,4,8,48.4,40,91.2,43.9,11.2,32.7,34.2,22.8,28.3,80.3,11.8,36.8,48.7,22.9,14.8,7.7,6.3,6.1,21.8,23.9,113.9,1.8
San Antonio Spurs,11,5,6,48,42.9,90.3,47.5,10.6,29.5,36,17.7,22.8,77.7,8.1,35.5,43.6,24.4,12.6,8.1,5.2,5.4,22.3,20.1,114.2,1.8
Houston Rockets,11,8,3,48,43,94.5,45.5,13.5,37.1,36.3,16.6,22.3,74.7,10.9,37.7,48.6,25.5,15.7,8.7,4.7,5.7,22.9,21.9,116.1,-2.5
Minnesota Timberwolves,11,7,4,49.4,42.9,92.6,46.3,11.7,30.3,38.7,18.6,25.2,74,10.7,36.6,47.4,24.2,18.3,8.1,5.8,6.2,24.5,22.1,116.2,-1
Memphis Grizzlies,11,4,7,48.5,42.5,91.7,46.3,12.8,36,35.6,21.1,26.6,79.2,9.7,35.9,45.6,24.6,15.4,8.4,6,5.9,19.8,23.5,118.8,8.8
Brooklyn Nets,11,4,7,48.9,44.3,96.7,45.8,12.2,33.2,36.7,18.8,24.3,77.5,9.7,35.6,45.4,22.5,12.5,9.1,5.4,5.1,22.2,22.9,119.5,2.7
Washington Wizards,9,2,7,48,43.6,91.8,47.5,12.6,33.3,37.7,20.3,25.4,79.9,12,34.8,46.8,25.9,15.8,7.2,6.1,4.9,21.6,23.2,120,4.4
Golden State Warriors,12,2,10,48.4,45,91.4,49.2,13.6,34.8,39.1,17.5,23.1,75.8,11.6,35.4,47,27.1,15.7,7.5,5.3,3.8,20.3,19.6,121.1,10.8
New Orleans Pelicans,11,3,8,48.5,43.7,92.3,47.4,13.4,37,36.1,22,27.8,79.1,10.6,36.2,46.8,25.8,17.2,8.2,4.5,5,22.2,25.2,122.8,4.5
Atlanta Hawks,82,29,53,48.4,42.8,90.5,47.3,12.4,34.4,35.9,21.5,28.3,75.8,10.6,35.4,46,26.9,15,9.9,5.5,5.1,22.2,23.6,119.4,6
Boston Celtics,82,49,33,48.2,39.5,88.1,44.8,11.5,33.5,34.4,17.4,22.8,76.4,10.4,35.5,45.9,23.7,15.1,6.8,3.9,5.3,19.5,20.4,108,-4.4
Brooklyn Nets,82,42,40,48.7,42.2,92.5,45.6,10.3,30.3,34.1,17.6,22.8,77,11,35.2,46.2,23.7,13.5,7.8,5.3,4.1,22,21.5,112.3,0.1
Charlotte Hornets,82,39,43,48.4,41.9,89.2,47,12.1,33.5,36.1,15.9,20.2,78.7,10.1,35.7,45.8,26,13.5,6.9,6,4.9,20.6,18.9,111.8,1.1
Chicago Bulls,82,22,60,48.5,42.2,89.2,47.3,12.1,33,36.5,16.8,22,76.3,10,36.4,46.4,25.5,13.3,7.3,5.8,4.3,18.7,20.3,113.4,8.4
Cleveland Cavaliers,82,19,63,48.2,43.2,87.2,49.5,12,31.6,38,15.8,20.5,77,9.5,34.6,44.1,25.7,12.5,6.9,5.6,2.4,19.4,20,114.1,9.6
Dallas Mavericks,82,33,49,48.2,40.9,89.2,45.9,11.2,32.5,34.4,17.1,22,77.7,10.2,34.6,44.8,24.5,13,7.8,4.5,4.3,23.2,20.1,110.1,1.3
Denver Nuggets,82,54,28,48.1,39.6,86.4,45.8,10.8,31.9,33.9,16.7,22.2,75.3,9.7,32.7,42.5,24.6,13.5,7.4,5,4.4,20.4,20,106.7,-4
Detroit Pistons,82,41,41,48.4,39.9,85,46.9,9.6,27.8,34.5,17.9,23.7,75.5,9.1,34.6,43.7,23.7,14.1,6.9,5.1,4,21.3,22.1,107.3,0.2
Golden State Warriors,82,57,25,48.3,40.4,91.1,44.4,11.6,33.6,34.7,18.7,24.2,77.3,10.8,33.5,44.3,24.3,13.5,7.7,3.6,6.4,19.5,21.4,111.2,-6.5
Houston Rockets,82,53,29,48.4,40.4,86.7,46.6,10.1,29.8,34,18.2,23.7,76.8,11,34.5,45.4,23.5,15,7.4,4.5,4.9,20,22,109.1,-4.8
Indiana Pacers,82,48,34,48.1,38.7,86.1,45,11.4,32.1,35.4,15.8,21,75.6,10.5,33.1,43.7,24.5,15.7,7.4,5.2,4.9,20,19.4,104.7,-3.3
LA Clippers,82,48,34,48.4,41.7,91.3,45.7,10.4,30.2,34.3,20.5,26.3,77.7,11.3,34.5,45.7,24.1,13.2,8.3,6.1,4.7,24,23.3,114.3,-0.9
Los Angeles Lakers,82,37,45,48.2,41.9,92.8,45.2,11.8,34,34.9,17.8,22.7,78.4,11.3,35.6,46.9,25,14.2,8.3,5.1,5.4,20.8,20.7,113.5,1.7
Memphis Grizzlies,82,33,49,48.5,37.6,83.4,45.1,11.6,32.2,36,19.3,24.7,78.4,9.5,35.2,44.7,23.4,15.2,7.6,4.9,5.5,21.4,22,106.1,2.6
Miami Heat,82,39,43,48.1,38.3,86.8,44.1,11.9,33.1,35.8,17.5,22.7,76.9,10.1,34,44.2,23.3,14.1,7.5,4.7,5.5,20.1,20.9,105.9,0.2
Milwaukee Bucks,82,60,22,48.2,40.5,93.5,43.3,13.1,36.3,36.1,15.1,20.7,73.3,9.9,35.4,45.3,24.8,13.4,6.8,4.8,5.9,20.2,19.6,109.3,-8.9
Minnesota Timberwolves,82,36,46,48.4,42.1,90.1,46.7,12.7,33.6,37.8,17.1,22.3,76.7,11.2,34.4,45.6,26.2,14.7,6.6,5.5,5,21.9,20.3,114,1.5
New Orleans Pelicans,82,33,49,48.2,43.3,92.8,46.6,12.3,33.7,36.4,17.9,23.5,76.4,11,34.8,45.8,26.5,13.6,8.6,5.4,5.4,21,21.1,116.8,1.3
New York Knicks,82,17,65,48.2,41.9,89.7,46.7,11.8,32.6,36.3,18.2,23.8,76.6,10.7,36.8,47.5,25.6,13.2,7.4,5.6,5.1,20.8,20.9,113.8,9.2
Oklahoma City Thunder,82,49,33,48.4,40.8,88.7,46,11.2,31.6,35.6,18.3,24,76.1,9.9,35.8,45.7,24.9,16.7,8.2,5.1,5.2,22.5,22.4,111.1,-3.4
Orlando Magic,82,42,40,48.2,39.9,87.6,45.6,10.5,30.2,34.7,16.3,20.9,77.8,9,35.6,44.6,23.1,13,7,4.4,5.4,18.7,18.6,106.6,-0.7
Philadelphia 76ers,82,51,31,48.3,41.7,91.5,45.5,10.3,30,34.2,18.8,24.5,76.8,10,33.5,43.5,23.4,12.7,7.7,4.1,5.3,22.1,21.3,112.5,-2.7
Phoenix Suns,82,19,63,48.5,42.5,88.2,48.2,11.1,29.9,37.2,20.8,27.6,75.3,11.8,35.3,47.2,25.9,15.7,9,5,5.1,20.7,23.6,116.8,9.3
Portland Trail Blazers,82,53,29,48.4,41.1,90,45.7,10.7,29.8,35.9,17.5,22.8,77,10.3,32.6,42.8,23.2,12.4,7.4,5.1,5,20.7,20.4,110.5,-4.2
Sacramento Kings,82,39,43,48.1,42.3,90.6,46.6,12,34.6,34.8,18.8,24.4,77,11.2,36.8,48,24.7,15.9,7.5,5.1,4.4,21.4,21.4,115.3,1.1
San Antonio Spurs,82,48,34,48.3,41.5,89.7,46.3,11.7,32.7,35.9,15.2,20.2,75.5,9.2,34.7,43.9,24.7,12.2,7.2,4,4.7,19.6,18.1,110,-1.7
Toronto Raptors,82,58,24,48.5,40.3,89.7,44.9,10.8,31.2,34.5,17.1,22.3,76.5,10.6,34.2,44.8,24.5,14.9,7.6,4.5,5.3,20.5,21,108.4,-6.1
Utah Jazz,82,50,32,48.2,40,88.5,45.2,9.8,27.7,35.5,16.7,22.2,75.3,8.9,33.7,42.6,21.6,13.9,8.5,4.6,5.9,22.4,21.1,106.5,-5.3
Washington Wizards,82,32,50,48.6,43.4,90.5,48,12.1,32.8,37,18,23.1,77.8,11.4,35.8,47.3,26.2,15.8,7.7,4.6,4.6,21.2,20.7,116.9,2.9
Atlanta Hawks,82,24,58,48.1,40.7,86.7,46.9,11.6,30.7,37.7,15.9,20.6,77.2,10.3,34,44.2,26.1,15.1,8.7,5.5,4.2,20.3,19.6,108.8,5.5
Boston Celtics,82,55,27,48.3,37.4,85,44,9.4,27.7,33.9,16.3,21.3,76.3,9.6,34.2,43.8,21.3,14.1,7.2,4.4,4.5,19.2,19.7,100.4,-3.6
Brooklyn Nets,82,28,54,48.4,41.7,89.4,46.6,9,24.5,36.9,17.9,23.4,76.6,10.4,36.4,46.8,21.7,12.4,7.7,5.5,4.8,19.7,20.6,110.3,3.7
Charlotte Hornets,82,36,46,48.2,41.1,87.8,46.8,11.3,30.1,37.5,14.5,18.2,79.5,8.4,35.3,43.7,24.7,13.6,6.6,4.9,4.5,22.4,17.2,108,-0.3
Chicago Bulls,82,27,55,48.4,41,86.8,47.2,12.1,32.7,37,15.9,20.2,78.7,8.4,37.2,45.7,25.9,13.6,7.2,5.2,3.5,17.4,19.2,110,7
Cleveland Cavaliers,82,50,32,48.1,41.8,88.3,47.4,11.7,31.7,36.8,14.6,19.4,75.6,9.9,33.7,43.6,25.9,13.5,7.5,4.1,3.8,20.7,18.6,109.9,-0.9
Dallas Mavericks,82,24,58,48.3,39.3,83.8,46.9,10.7,29.4,36.3,16.2,21.4,75.7,8.8,36.9,45.8,23.5,13.7,7.2,4.5,3.8,19.6,19.2,105.4,3
Denver Nuggets,82,46,36,48.5,41.3,86.7,47.6,10.9,28.8,37.8,15,20.4,73.8,9.8,31.9,41.6,24.7,13.8,8,4.8,4.9,20.7,18.7,108.5,-1.5
Detroit Pistons,82,39,43,48.3,39.1,85.2,45.9,11.1,30.8,35.9,14.6,18.9,77.6,9.2,34.5,43.8,25.2,14.8,7.3,4.9,3.9,18.4,18.4,103.9,0.1
Golden State Warriors,82,58,24,48.1,40.2,90,44.7,10.4,29.2,35.7,16.7,22,75.8,10.9,31.6,42.5,23.6,14.3,8.7,3.7,7.5,18.5,19.6,107.5,-6
Houston Rockets,82,65,17,48.2,39.6,85.6,46.2,10.1,28.8,35.1,14.6,19.6,74.6,8.7,33.4,42,22.4,14.5,7.4,4.4,4.8,20.4,19.5,103.9,-8.5
Indiana Pacers,82,48,34,48.2,39.4,84.8,46.5,10.6,30.4,34.9,14.8,19.5,75.7,10.2,32.7,43,23.2,15.5,7,5.2,4.1,18.5,18.8,104.2,-1.4
LA Clippers,82,42,40,48.1,40.2,87.7,45.9,10.7,30.2,35.6,17.8,22.7,78.2,10.6,33,43.6,24.6,14.1,8.5,5.6,4.5,22,20,109,0
Los Angeles Lakers,82,35,47,48.5,41,89.9,45.6,10.4,30.1,34.6,17.1,22.5,76.1,10.2,34.6,44.8,23.6,14.3,8.3,5.5,4.7,20.5,21.2,109.6,1.5
Memphis Grizzlies,82,22,60,48.1,37.1,80.3,46.2,10.7,29,36.8,20.6,26.8,76.9,9.5,33,42.5,22.1,14.8,8.1,5.1,4.8,20.4,23.2,105.5,6.2
Miami Heat,82,44,38,48.6,37.7,83.8,45,9.6,26.6,36,18,23,78.3,9.1,34,43.1,21,14.1,7.5,4.6,5.3,19.4,20.1,102.9,-0.5
Milwaukee Bucks,82,44,38,48.4,39.1,83.7,46.8,10.1,27.1,37.2,18.4,23.5,78.3,10,32.8,42.7,23.6,15.6,7.1,4.5,5.4,19.9,21.4,106.8,0.3
Minnesota Timberwolves,82,47,35,48.3,40.2,84.7,47.5,10.9,29.6,36.6,16,20.5,77.9,9.8,32,41.8,23.9,15.1,6.5,4.7,4.2,20.9,18.2,107.3,-2.2
New Orleans Pelicans,82,48,34,48.7,41.7,91.9,45.4,10.9,30.6,35.5,16.1,20.5,78.4,10.8,34.7,45.5,23.7,14.5,8.2,4.2,5.9,20.4,19.1,110.4,-1.3
New York Knicks,82,29,53,48.4,39.4,86.3,45.7,11.2,30.4,36.8,18,23.2,77.4,10.2,33,43.2,24,13.3,8.2,4.7,5.1,18.4,20.5,108,3.6
Oklahoma City Thunder,82,48,34,48.4,38.5,84,45.8,11.2,30.6,36.7,16.2,21.1,76.9,9.5,32.6,42.2,23.3,16,7.7,4.6,5,21.3,20.2,104.4,-3.4
Orlando Magic,82,25,57,48.1,40.9,87.5,46.8,10,27.6,36.2,16.4,21.2,77.3,10.6,35.3,45.9,24.4,14.2,7.8,4.9,4.9,19,19.3,108.2,4.8
Philadelphia 76ers,82,52,30,48.2,38,87.6,43.4,10.1,29.6,34.2,19.1,25.6,74.5,10,32.2,42.2,21.7,14.3,8.5,5.1,5.1,20.4,22.1,105.3,-4.5
Phoenix Suns,82,21,61,48.1,41.8,88.7,47.1,10.9,29.2,37.3,18.8,24.6,76.6,10.4,35.4,45.9,23.3,13.4,8.7,6,4.5,20.9,22,113.3,9.4
Portland Trail Blazers,82,49,33,48.2,38.4,85.9,44.7,9.7,26.6,36.4,16.6,22,75.5,9.3,33.6,42.9,20.2,12.6,7.3,5.1,5.2,19.1,19.5,103,-2.6
Sacramento Kings,82,27,55,48.2,38.7,82.4,47,11.9,31.5,37.7,16.4,21.5,76.5,9.1,34.7,43.8,23.6,14.3,7.8,4.7,4.1,17.3,20,105.8,7
San Antonio Spurs,82,47,35,48.1,38.2,84.3,45.3,9.1,26.3,34.8,14.3,18.9,75.9,9.2,33.3,42.5,21.8,14.1,7.6,3.9,5.6,19.7,17.2,99.8,-2.9
Toronto Raptors,82,59,23,48.4,38.4,85.6,44.9,8.9,25,35.7,18.2,23.7,76.7,9.8,32.6,42.4,21.8,14.3,7.2,4.9,6.1,19.9,21.7,103.9,-7.8
Utah Jazz,82,48,34,48.2,37.3,83,44.9,9.5,26,36.5,15.8,20.5,77.1,8.7,33,41.6,20,14.9,8.3,4.6,5.1,20.5,19.6,99.8,-4.3
Washington Wizards,82,43,39,48.4,39,84.4,46.2,10.2,29.2,34.9,17.9,23.5,76.1,9.8,32.7,42.5,22.3,14.9,7.8,4.7,4.3,20,21.3,106,-0.6
Atlanta Hawks,82,43,39,48.5,38.8,87.3,44.4,10.9,30.5,35.7,15.6,20.2,77.2,10.7,33.2,43.9,23.4,15.4,9,5.2,4.8,21.6,18.2,104,0.9
Boston Celtics,82,53,29,48.2,38.6,85.8,45,9,27,33.2,19.1,24.9,76.9,10.8,33.8,44.5,22.6,13.9,7.6,5.2,4.1,20.3,20.6,105.4,-2.6
Brooklyn Nets,82,20,62,48.2,41.6,90.8,45.8,10,27.2,36.6,19.3,25,77.2,11,36.2,47.2,23,13.3,9.5,5.6,4.7,20.4,21,112.5,6.7
Charlotte Hornets,82,36,46,48.4,39.5,86.5,45.6,11.6,31.4,36.9,14.2,18.2,77.6,8.9,35.5,44.4,24.5,13.1,6.6,5.5,4.8,19.9,16.6,104.7,-0.2
Chicago Bulls,82,41,41,48.2,39.5,86.6,45.6,8.9,25.9,34.5,14.6,19,77,10.3,32.9,43.2,23.6,13.4,7.3,4.6,4.8,18.8,17.7,102.4,-0.4
Cleveland Cavaliers,82,51,31,48.5,40.6,88.8,45.8,10.4,28.7,36.1,15.5,20,77.3,11,33.2,44.2,24.7,12.6,7.3,4.3,4,20.6,18.1,107.2,-3.2
Dallas Mavericks,82,33,49,48.2,37,79,46.9,9.6,25.3,38,17.2,22.3,77.2,8.9,35.6,44.5,21.3,14.9,6.5,3.4,3.7,19.4,19.1,100.8,2.9
Denver Nuggets,82,40,42,48.2,42.1,88.4,47.7,9.9,26.3,37.5,17.1,21.9,78.2,9.4,31.4,40.8,24,12,8.3,4.9,3.9,20.2,19.1,111.2,-0.5
Detroit Pistons,82,37,45,48.3,38.3,83.3,46,9.4,25.6,36.6,16.4,21,78,8,34.9,42.9,23.5,12.8,6.7,4.1,3.8,17.5,17.9,102.5,1.1
Golden State Warriors,82,67,15,48.2,38.8,89.2,43.5,9,27.8,32.4,17.7,23.2,76.1,11.7,31.8,43.5,22.7,15.5,8.6,3.8,6.8,19.4,19.3,104.3,-11.6
Houston Rockets,82,55,27,48.2,41.2,88.9,46.3,10,29.1,34.3,17.3,22.2,77.8,10.7,33.4,44.1,24.1,15.1,8.5,5,4.3,20.4,19.9,109.6,-5.8
Indiana Pacers,82,42,40,48.4,38,84.3,45.1,10.4,29.1,35.5,19,24.1,78.9,10.7,33.5,44.3,22.3,14.9,8.1,5,5,19.5,19.5,105.3,0.2
LA Clippers,82,51,31,48.2,38.6,85.4,45.2,9.2,26.3,35,18,23.4,77.2,10.2,32.9,43.1,23.1,13.2,7,3.1,4.2,22.4,19.8,104.4,-4.3
Los Angeles Lakers,82,26,56,48.1,41.5,86,48.3,10.1,27.4,37,18.3,24,76.2,10.3,34.2,44.4,25.7,14.5,8.5,5.4,3.9,18.5,20.7,111.5,6.9
Memphis Grizzlies,82,43,39,48.5,34.9,78.8,44.3,9.9,28,35.4,20.2,26.9,75.3,9.3,32.8,42.1,20.1,14.3,7,5,4.2,20.8,22.4,100,-0.5
Miami Heat,82,41,41,48.2,37.9,84.2,45,7.8,22.7,34.3,18.5,23.7,78.2,10.2,33.4,43.6,19.6,13.7,6.8,4.9,5.7,18.7,20.5,102.1,-1.1
Milwaukee Bucks,82,42,40,48.2,38,82.9,45.8,10,28.2,35.3,17.9,23.2,77.1,10.3,32.1,42.4,24.1,14.7,7.4,4.6,5.3,19.3,20.2,103.8,0.2
Minnesota Timberwolves,82,31,51,48.3,39.6,83.3,47.5,9.9,27,36.6,17.6,22.9,76.8,9.8,30.6,40.4,23.1,14.3,7.7,5,4.5,20.5,20.1,106.7,1.1
New Orleans Pelicans,82,34,48,48.5,40.1,89,45,10.5,29.8,35.3,15.8,20.7,76.2,10.6,37.7,48.3,23.4,14,7.4,4.2,5.5,19.3,18.2,106.4,2.1
New York Knicks,82,31,51,48.4,39.7,87.4,45.5,9.8,28.2,34.8,18.7,24.2,77.1,11.6,33.1,44.7,21.8,12.9,7.5,4.6,5.5,18.5,20.3,108,3.7
Oklahoma City Thunder,82,47,35,48.3,39.2,85.3,45.9,8.8,24.8,35.6,18.6,24.3,76.4,9.1,31.5,40.6,21.4,13.8,8.5,5.5,5,20.7,20.9,105.8,-0.8
Orlando Magic,82,29,53,48.3,40.3,86.4,46.7,9.7,26.4,36.7,17.4,22.7,76.6,9.7,35.8,45.5,23.6,13,7.6,5.1,4.8,18.7,19.3,107.6,6.6
Philadelphia 76ers,82,28,54,48.4,39.6,85.9,46.1,8.9,24.9,35.7,20.1,26,77.3,10.8,34.2,45,22.7,15.1,8.6,5.4,5.1,19.6,21.9,108.1,5.7
Phoenix Suns,82,24,58,48.4,40.2,86.2,46.7,10.1,26.3,38.2,22.8,29.1,78.3,10.2,33.8,44,22.2,14.9,8.1,5.3,4.9,22.2,24.8,113.3,5.6
Portland Trail Blazers,82,41,41,48.6,39.2,86.2,45.5,9.3,25.1,37,20.8,26.5,78.5,10.1,33.9,44,20.6,12.8,7.7,5.3,5,19.8,21.2,108.5,0.5
Sacramento Kings,82,32,50,48.5,38.5,83.2,46.2,10.9,30,36.4,18.9,24.2,77.8,10.1,32.8,42.9,23.7,14,8.5,5.1,4,20.1,20.3,106.7,3.9
San Antonio Spurs,82,61,21,48.3,37,83.4,44.3,8.1,23.7,34.4,16,20.8,77.1,9.8,31.7,41.5,21.4,14.4,7.5,4.1,5.9,19.8,18.3,98.1,-7.2
Toronto Raptors,82,51,31,48.2,37.2,82.9,44.9,9.7,27.3,35.4,18.5,23.8,78,10.1,31.9,42.1,21.8,14.6,6.7,4.8,4.9,20.3,20.8,102.6,-4.2
Utah Jazz,82,51,31,48.2,36.3,82,44.3,8.2,22.9,35.8,16,20.7,76.9,9,31.1,40.2,17.8,12.1,7.3,3.8,5,20.2,18.8,96.8,-3.9
Washington Wizards,82,49,33,48.4,39.7,85.1,46.6,9.9,27.1,36.4,18.2,24.2,75.1,10.6,32.5,43,22.8,15.3,7.4,4.6,4.1,19.8,21.3,107.4,-1.8
Atlanta Hawks,82,48,34,48.4,37.1,86.1,43.2,8.3,24.5,33.8,16.7,22.1,75.5,11.5,35,46.5,22,16.1,8.6,5,5.9,18.3,19.1,99.2,-3.6
Boston Celtics,82,48,34,48.2,37.5,85,44.1,7.8,23.3,33.6,19.7,26,75.5,11.4,34.6,46,20.9,16.4,7.6,5.5,4.2,21,21.9,102.5,-3.2
Brooklyn Nets,82,21,61,48.2,40.8,85.2,47.9,9.5,25.6,36.9,15,19.6,76.3,10.2,33.2,43.4,24.5,14.2,8.8,5.2,4,18.4,18,106,7.4
Charlotte Hornets,82,48,34,48.4,37.8,85,44.4,8.9,25.4,34.9,16.3,21.2,76.9,8.9,35.8,44.7,23.2,13.4,6.7,5.5,5.3,20.4,18.1,100.7,-2.7
Chicago Bulls,82,42,40,48.5,39.4,89.4,44.1,7.9,23,34.5,16.3,22.1,73.7,11.8,34.1,45.9,22.5,11.9,8,5.7,5.7,18.7,18.8,103.1,1.5
Cleveland Cavaliers,82,57,25,48.4,36.8,82.1,44.8,7.9,22.7,34.7,16.8,22.6,74.3,9.3,31.8,41,21.4,13.3,7.2,4.4,3.9,20.6,20.3,98.3,-6
Dallas Mavericks,82,42,40,48.8,38.3,85,45.1,9.1,26.5,34.2,16.9,22.8,73.8,10.6,35.2,45.8,22,13.9,7.5,4.4,3.7,21.4,19.5,102.6,0.3
Denver Nuggets,82,33,49,48.4,38.8,84.2,46.1,9.2,24.8,37.1,18.2,23.9,76.1,9.7,32.9,42.7,23.5,13.7,8,6.3,4.8,20.9,21,105,3.1
Detroit Pistons,82,44,38,48.5,38.8,84.2,46.1,7.3,20.5,35.5,16.5,21,78.3,8.8,33.7,42.5,21.5,13.4,7.1,4.5,3.7,21.6,19,101.4,-0.6
Golden State Warriors,82,73,9,48.5,38.9,89.4,43.5,7.8,23.5,33.2,18.6,24.5,75.7,11.4,32.5,43.9,22.2,14.5,8.7,4.1,6.1,19.8,20.7,104.1,-10.8
Houston Rockets,82,41,41,48.4,39,85.1,45.9,9.7,26.9,36.1,18.6,24.6,75.6,11.8,32.8,44.6,24.6,16.6,9,4.9,5.2,22.5,21.8,106.4,-0.2
Indiana Pacers,82,45,37,48.5,37.4,84.9,44,8.3,24.8,33.4,17.4,23.2,75.1,10.7,33.8,44.5,20.8,15.8,7.7,4.5,4.8,20.4,20,100.5,-1.7
LA Clippers,82,53,29,48.4,36.8,84.7,43.4,7.9,23.3,33.8,18.8,25.1,75.1,11.8,34.9,46.7,21.2,15.4,7.1,3.2,5.6,22.5,21.3,100.2,-4.3
Los Angeles Lakers,82,17,65,48.1,40.5,85.6,47.3,8.5,24.6,34.7,17.3,23.7,73.1,10.9,35.5,46.5,24.7,12.6,7.5,5.6,4.1,19.2,20.3,106.9,9.6
Memphis Grizzlies,82,42,40,48.4,35.9,78.8,45.6,9.7,26.6,36.5,19.7,25.7,76.8,10.1,33.1,43.2,21.9,16.2,7,5.7,4.3,21.1,21.7,101.3,2.2
Miami Heat,82,48,34,48.4,37.2,84.3,44.2,7.4,21.2,34.7,16.5,21.5,77,9.8,31.5,41.3,20.2,12.9,7.5,4.1,6.5,19.6,18.3,98.4,-1.6
Milwaukee Bucks,82,33,49,48.4,37.8,83.1,45.4,9.3,26.5,35.2,18.4,23.9,76.8,11.5,31.5,43,24.5,15.5,8.3,5.6,5.8,19.5,20.7,103.2,4.2
Minnesota Timberwolves,82,29,53,48.5,40,84.9,47.1,9,25.5,35.5,17,22.5,75.7,10.7,31.2,41.9,22.6,14.9,7.8,5.2,4.6,21.6,20.7,106,3.5
New Orleans Pelicans,82,30,52,48.2,39.2,83.9,46.8,9.2,24.9,36.9,18.8,24,78.3,8.9,35.5,44.4,23.2,13.7,7.3,5.2,4.2,19.9,20.9,106.5,3.8
New York Knicks,82,32,50,48.3,38,85.8,44.3,7.6,22.4,34.1,17.5,23.2,75.4,10.9,33.3,44.2,20.8,11.3,7.2,4.2,5.7,18.5,19.7,101.1,2.7
Oklahoma City Thunder,82,55,27,48.4,38.4,87.7,43.8,8.1,23.8,34.2,18,23.8,75.6,11.3,28.9,40.2,21.5,13,8.8,4.5,5.9,20.2,20.6,102.9,-7.3
Orlando Magic,82,35,47,48.5,38.4,83.5,46,8.9,24.9,35.9,17.9,24,74.6,10.1,34.1,44.3,23.2,15.1,7.6,5.5,5.1,18.3,20.7,103.7,1.6
Philadelphia 76ers,82,10,72,48.3,39.7,85.4,46.4,7.8,21.7,35.9,20.5,26.1,78.6,11.1,36.4,47.6,23.4,15.1,8.7,5.7,6,19.2,21.7,107.6,10.2
Phoenix Suns,82,23,59,48.1,39.1,83.8,46.7,9.4,24.9,37.7,19.9,26.5,74.9,9.9,33.8,43.7,22.4,14.9,9.5,5.5,3.8,21.6,22.7,107.5,6.7
Portland Trail Blazers,82,44,38,48.3,38.4,84.7,45.3,8.5,23,37.1,19,26,73.4,10.6,33.1,43.7,21.6,13.3,7.7,5.2,4.6,19.5,21.7,104.3,-0.8
Sacramento Kings,82,33,49,48.3,40.6,87.7,46.2,10.2,28,36.6,17.7,23.2,76.2,11.3,33.7,45,24.2,16,8.8,5.3,4.5,22,20.4,109.1,2.5
San Antonio Spurs,82,67,15,48.1,35.7,81.8,43.6,6.6,19.9,33.1,14.9,19.6,75.8,9.1,31.4,40.5,20.8,14.8,7.2,3.9,5.9,19.5,17.5,92.9,-10.6
Toronto Raptors,82,56,26,48.2,36.5,82.1,44.4,8.7,23.4,37.3,16.5,22.1,74.8,9.5,31.2,40.8,21.7,13.3,6.5,5.4,5.5,22,19.6,98.2,-4.5
Utah Jazz,82,40,42,48.7,35.6,79.9,44.6,7.9,22.2,35.7,16.8,22.5,74.6,9.3,30.8,40.1,19.1,14,8,4.7,5.2,19.9,20.2,95.9,-1.8
Washington Wizards,82,41,41,48.2,38.7,83.8,46.2,9,24.2,37.1,18.3,23.7,76.9,9.4,34.9,44.3,22.5,16.2,8.1,4.3,3.9,20.1,20.8,104.6,0.5
Atlanta Hawks,82,60,22,48.1,36.5,83.1,43.9,8.8,25.8,34.1,15.4,20.1,76.4,11.6,32.1,43.6,23.5,16.1,7.4,4.9,4.6,19.6,17.8,97.1,-5.4
Boston Celtics,82,40,42,48.5,38.1,84.7,45,7.4,22,33.6,17.6,23.3,75.5,10.9,33.8,44.7,21.9,15.1,7.1,5.3,3.6,18.8,21.2,101.2,-0.2
Brooklyn Nets,82,38,44,48.6,38.4,84.3,45.6,8.5,23.7,35.8,15.6,21.3,73.1,11.4,32.9,44.3,23.7,13.9,7.8,4.5,4.1,20,19.3,100.9,2.9
Charlotte Hornets,82,33,49,48.5,36.8,83.7,44,7.9,22.1,35.7,15.8,20.4,77.2,8.9,35.2,44.1,22.1,12.6,6.1,5.4,5.5,20.8,18.2,97.3,3.2
Chicago Bulls,82,50,32,48.5,37.7,86.7,43.5,6.6,19.6,33.5,15.7,21,74.9,11.7,31.7,43.4,20.2,12.2,7.5,5.4,5.8,21.2,18.2,97.8,-3
Cleveland Cavaliers,82,53,29,48.2,38.1,83.5,45.6,7.7,22.5,34.3,14.8,19.9,74.5,10.8,30.3,41.1,24.1,13.3,7.8,4.5,4.1,20.5,18.4,98.7,-4.5
Dallas Mavericks,82,50,32,48.5,38,84.5,45,9,24.8,36.4,17.3,22.9,75.3,12.3,33.9,46.1,22.3,16.3,7.3,3.8,4.5,22.1,20,102.3,-2.9
Denver Nuggets,82,30,52,48.5,38.6,84.3,45.8,7.7,22.2,34.6,20.1,26.9,74.8,11,34.1,45.1,23.1,14.4,7.5,6.1,4.5,20.7,23,105,3.5
Detroit Pistons,82,32,50,48.4,37.9,83.1,45.6,7.7,21.8,35.5,16,20.7,77.2,10.7,33.4,44.1,23.8,14,7,4.8,4.7,19.3,19,99.5,1
Golden State Warriors,82,67,15,48.1,37,86.4,42.8,7.2,21.4,33.7,18.7,24.5,76.3,11.7,32.8,44.5,21,16.2,8.3,3.6,6,18.8,19.9,99.9,-10.1
Houston Rockets,82,56,26,48.3,37.7,85.2,44.3,7.4,22.9,32.2,17.7,23.6,75.1,11.9,32,43.8,21.4,16.4,8.9,5.3,5,21.1,22,100.5,-3.4
Indiana Pacers,82,38,44,48.4,36,82.7,43.5,7.2,20.9,34.5,17.9,23.8,75.3,9.8,33,42.7,19.9,12.7,7.5,4.7,4.6,21.4,21.2,97,-0.3
Los Angeles Clippers,82,56,26,48.1,36.4,82.3,44.2,8.3,23.9,34.9,19,25.7,74.1,10.6,32.3,42.9,23.2,14.3,6.7,3,5,21.5,21.3,100.1,-6.6
Los Angeles Lakers,82,21,61,48.6,38.8,83.1,46.6,8.5,23.4,36.3,19.2,25.8,74.5,10,34.1,44.2,24,13,7.5,4.8,4.5,19.4,21.2,105.3,6.8
Memphis Grizzlies,82,55,27,48.5,36,81.5,44.2,8.1,23,35.1,14.9,20.1,74.2,10.5,31.9,42.4,20.1,15.3,7.4,5.2,4.2,20.3,19.1,95.1,-3.2
Miami Heat,82,37,45,48.1,36.1,79.5,45.4,8.1,23,35.3,17,23.2,73,10.9,30.1,41,21.3,14.8,7.9,4.4,4.5,20.9,20,97.3,2.6
Milwaukee Bucks,82,41,41,48.6,35.6,81.5,43.7,8.2,24.1,34.2,18,24.3,74.2,11.4,31.4,42.9,22.3,17.4,8.6,4.8,4.9,20.1,22.1,97.4,-0.4
Minnesota Timberwolves,82,16,66,48.3,41.1,84.5,48.7,8.5,23.1,36.7,15.8,20.8,75.9,11.6,31.9,43.6,23.6,15.2,8.4,5.5,4,21.4,19.2,106.5,8.8
New Orleans Pelicans,82,45,37,48.2,37.9,83.1,45.6,6.5,19.6,33.5,16.2,21.4,75.9,10.6,30.9,41.5,20.7,12.2,6.8,5.8,6.2,18.7,18.7,98.6,-0.8
New York Knicks,82,17,65,48.4,37,80.4,46,8.5,22.3,38,18.8,24.8,75.9,11,32.5,43.5,21.7,14.1,8,4.3,4.7,19.1,21.6,101.2,9.3
Oklahoma City Thunder,82,45,37,48.4,37.6,85.5,44,8.3,24.2,34.3,18.2,24.5,74.5,11.2,31.5,42.7,22.1,13.6,7.8,4.6,5.5,20.4,22.3,101.8,-2.2
Orlando Magic,82,25,57,48.2,38,82,46.3,8.3,22.6,36.8,17.2,22.9,75.1,10.1,33.4,43.5,23.4,14.5,7.7,5.4,3.8,17.9,20.9,101.4,5.7
Philadelphia 76ers,82,18,64,48.3,37.1,82.7,44.9,8,22.9,35,18.7,24.7,75.6,11.5,34.8,46.3,23.7,16.8,9.5,5.5,5.9,20.2,21.7,101,9
Phoenix Suns,82,39,43,48.5,38.4,85,45.2,7.7,21.9,35.2,18.8,24.8,75.9,11.6,33.7,45.3,21.1,15.6,7.9,4.1,4.7,20.3,21.3,103.3,0.9
Portland Trail Blazers,82,51,31,48.4,38.2,86.9,43.9,6.4,18.9,33.8,15.8,20.9,75.8,11,33.6,44.6,20.4,12.2,8,3.6,4.5,18.7,18.2,98.6,-4.2
Sacramento Kings,82,29,53,48.4,39.5,86.5,45.6,8.8,25.1,34.9,17.3,23.1,74.8,11,30.2,41.2,23.3,12.9,8.7,6.2,4,23.9,20.7,105,3.7
San Antonio Spurs,82,55,27,48.7,37.1,83.7,44.4,6.8,18.9,36,15.9,21.4,74.5,9.9,32.2,42.1,20.7,14.2,7.9,4.4,5.4,19.7,19.1,97,-6.2
Toronto Raptors,82,49,33,48.4,38,82.8,45.9,7.7,22.3,34.6,17.2,23.5,73.3,11.2,31.2,42.5,22.8,14.4,6.9,5,4.4,20.3,20.9,100.9,-3.1
Utah Jazz,82,38,44,48.1,35.8,80.3,44.6,7.4,20.4,36.2,16,21.5,74.4,9.9,29.3,39.2,19.4,13.1,8.2,4.7,6,19.6,19.3,94.9,-0.2
Washington Wizards,82,46,36,48.7,36.2,83.5,43.3,8,23,34.9,17.5,23.7,73.8,10,31.7,41.7,19.9,14,8,4.3,4.6,19.6,20.8,97.8,-0.7
Atlanta Hawks,82,38,44,48.4,38.6,83.5,46.2,8,21.9,36.5,16.4,21.9,74.8,10.8,32.8,43.5,23.2,15.2,8.2,4.3,4,20,19.2,101.5,0.5
Boston Celtics,82,25,57,48.1,37.8,81.4,46.5,6.6,18.9,34.7,18.5,24.3,76.1,10.6,31.7,42.3,22.1,14.2,7.4,4.5,4.2,19.1,21.3,100.7,4.5
Brooklyn Nets,82,44,38,48.5,36.3,79.4,45.8,8.1,22,36.7,18.8,24.7,76,11.2,31.6,42.9,21,15.8,7.4,4.1,3.8,20.8,21.7,99.5,1
Charlotte Bobcats,82,43,39,48.5,36.9,83.4,44.2,8.1,22,36.9,15.3,20.1,75.9,9.6,33.7,43.3,21,13.3,6.3,5.1,5.1,20.9,18.2,97.1,0.2
Chicago Bulls,82,48,34,48.6,35,81.2,43,6.6,18.7,35.1,15.3,20.3,75.3,10.7,30.6,41.3,19.6,14.4,7.6,6,5.2,20.9,19.1,91.8,-1.9
Cleveland Cavaliers,82,33,49,48.6,37.8,83.5,45.2,9.3,25.4,36.7,16.6,22,75.7,10.3,32.3,42.5,24.8,14,7.2,5.6,3.7,19.5,20,101.5,3.3
Dallas Mavericks,82,49,33,48.4,37.8,81.4,46.4,8.3,23,35.9,18.7,24.6,75.8,11.5,31.3,42.8,22,16,7.7,3.5,4.3,19.9,20,102.4,-2.4
Denver Nuggets,82,36,46,48.2,39.5,86.4,45.7,7.4,21,35.1,20.2,26.4,76.3,11.3,32.5,43.8,22.5,14.4,8.5,5.6,5.6,21.7,23,106.5,2.1
Detroit Pistons,82,29,53,48.2,39.1,83.2,47,8.3,22.8,36.5,18.1,24,75.6,11.1,31.9,43,24.4,15,8.2,4.9,4.8,20.7,20.3,104.7,3.7
Golden State Warriors,82,51,31,48.4,36.8,84.4,43.6,6.9,20.2,34.4,18.9,24.7,76.5,10.7,32.6,43.3,20.5,15,7.9,4.2,5,19.3,21.8,99.5,-4.8
Houston Rockets,82,54,28,48.4,39,88,44.3,8.1,23,35.3,17,22.5,75.7,11.9,29.7,41.7,22.2,14,8.6,5.6,5.6,24.3,20.4,103.1,-4.6
Indiana Pacers,82,56,26,48.2,34.8,82.7,42,6.6,19,34.5,16.3,21.6,75.5,10.4,30.7,41.2,18.6,13.7,7.2,4.6,5.4,21.9,20.4,92.3,-4.4
Los Angeles Clippers,82,57,25,48.2,37.4,84.9,44.1,7.3,21.8,33.2,18.9,25,75.5,12.3,31.4,43.7,23.3,15.4,7,3.5,4.8,23.4,21.5,101,-7
Los Angeles Lakers,82,27,55,48.1,42,89.6,46.8,8.1,22.5,36.1,17.2,23.7,72.7,13,36,49,25.8,14.2,9.6,4.7,5.4,19.3,19.8,109.2,6.3
Memphis Grizzlies,82,50,32,48.3,35.7,79.3,45,7.5,21.1,35.5,15.8,20.6,76.6,9.9,29.3,39.2,19.9,14.2,7.2,5,4.6,18.9,19.1,94.6,-1.6
Miami Heat,82,54,28,48.5,36.1,79,45.7,8.5,23.4,36.2,16.8,22.3,75,10.8,29.5,40.3,21.4,16.7,8.1,3.1,4.5,20.4,19.5,97.4,-4.8
Milwaukee Bucks,82,15,67,48.5,38.4,82,46.8,8.5,22.3,38.2,18.4,24.5,75.1,11.7,31.8,43.5,22.8,14.1,7.8,5,4.9,20.6,20.9,103.7,8.2
Minnesota Timberwolves,82,40,42,48.4,40.5,86,47.1,8.1,22.2,36.4,15.2,20.1,75.6,11.1,33.1,44.2,22.9,16.4,7.9,5.6,3.6,23.6,18.3,104.3,-2.7
New Orleans Pelicans,82,34,48,48.4,37.3,80.1,46.5,8,22.3,35.7,20,26.5,75.2,10.7,31,41.7,22.5,14.5,7,6.1,6.4,20.3,22.6,102.4,2.7
New York Knicks,82,37,45,48.4,35.8,78.1,45.8,8.7,23.4,37.1,19.1,25,76.5,10.3,31.7,42,19.7,14.5,6.3,3.4,4.5,19.6,22.1,99.4,0.8
Oklahoma City Thunder,82,59,23,48.3,36.4,83.4,43.6,8.6,24,35.8,18.4,25.4,72.7,11,30,40.9,21.8,15.2,8.2,3.6,6.1,20.4,22.7,99.8,-6.3
Orlando Magic,82,23,59,48.7,38.1,83.7,45.6,8,21.7,37.1,17.7,22.9,77,10.5,33.5,44,22.5,14,7.1,5.4,4.3,18.3,20.5,102,5.4
Philadelphia 76ers,82,19,63,48.4,40,85.1,47.1,9,24.4,37,20.8,27.6,75.4,11.9,35,46.9,26.1,17,9,6.8,4,20.6,22.5,109.9,10.5
Phoenix Suns,82,48,34,48.2,38,83.4,45.6,6.8,19.9,34.1,19.8,25.8,76.6,11.3,31.5,42.8,20.3,15.3,7.5,4,4.6,21.3,21.9,102.6,-2.6
Portland Trail Blazers,82,54,28,48.4,39.6,87.8,45.1,6.5,18.3,35.5,17,22.2,76.6,11.5,32,43.5,20.4,12,7.8,3.7,4.7,20.7,19.2,102.8,-4
Sacramento Kings,82,28,54,48.4,37.8,82.1,46.1,8.5,22.4,38,19.2,26.1,73.7,9.9,31.3,41.2,23.5,13.6,7.8,5.6,3.9,23.1,22.5,103.4,2.9
San Antonio Spurs,82,62,20,48.2,37.8,85.1,44.4,6.5,18.3,35.3,15.7,20.6,76,10.5,31.7,42.2,20.4,13.9,7.7,4.6,5.1,19.3,18.2,97.6,-7.7
Toronto Raptors,82,48,34,48.7,36.1,80.2,45,6.9,19.2,36,19,25.3,75.2,10.4,30.5,41,21,14.9,7.3,4.3,4.2,22.1,23,98,-3.2
Utah Jazz,82,25,57,48.2,38.3,81,47.3,7.3,19.4,37.6,18.3,23.7,77.3,10.3,32.2,42.5,21.8,12.6,7.5,4.9,4.5,20.4,20.7,102.2,7.2
Washington Wizards,82,44,38,48.9,37,80.9,45.8,7.5,21.5,34.7,17.8,23.3,76.5,10.1,32.1,42.2,22.2,16,7.7,3.9,4.6,19.5,20.4,99.4,-1.3
Atlanta Hawks,82,44,38,48.4,37.5,83.2,45,7.6,19.9,37.9,15,19.7,76.3,11.3,32.4,43.7,22.3,15.2,8.4,4.3,4.5,18.8,18,97.5,-0.4
Boston Celtics,81,41,40,49,36.1,82,44.1,6.8,19.9,34.2,17.7,23.9,74,11.4,32.1,43.6,21.6,15.3,7.8,4.7,4.5,19.4,21.2,96.7,0.2
Brooklyn Nets,82,49,33,48.4,37.4,80.7,46.4,6.3,17.3,36.6,14,19.2,73.1,10.7,28.5,39.2,21.4,13.4,7.5,4.8,4.8,21.4,18.3,95.1,-1.8
Charlotte Bobcats,82,21,61,48.3,38.8,82.5,47.1,8.7,22.5,38.8,16.2,21.8,74.7,11.8,32.3,44.1,25.3,14,6.9,6.9,5.8,21.3,19,102.7,9.2
Chicago Bulls,82,45,37,48.4,35.4,80.1,44.3,5.5,16,34.6,16.5,22.3,73.9,11,30.1,41.1,18.8,13.7,7.3,5.8,5.1,19.6,19.7,92.9,-0.3
Cleveland Cavaliers,82,24,58,48.1,37.9,79.6,47.6,7.4,20,37.2,17.9,24.2,73.9,10.8,31.3,42.1,23.9,15.2,7.6,6.8,4.1,19.7,21.2,101.2,4.7
Dallas Mavericks,82,41,41,48.7,37.4,84,44.5,7.8,21.8,35.9,19.1,25.4,75.3,12,33.6,45.6,22,14.7,8.5,4.1,5.5,18.9,20.7,101.7,0.6
Denver Nuggets,82,57,25,48.5,38.1,85.7,44.4,8.4,23.1,36.3,16.6,22.7,73.1,12.4,29.2,41.6,23.6,15.9,8,6.8,6.5,21.6,20.5,101.1,-5.1
Detroit Pistons,82,29,53,48.3,37.3,81.2,45.9,7.4,20.4,36,16.9,22.2,76.2,11.1,30.7,41.8,22.4,13.7,8.4,5.8,4.9,19.9,19.8,98.8,4
Golden State Warriors,82,47,35,48.3,37.2,84.8,43.9,8,23.1,34.7,17.9,23.9,74.8,11.1,31.7,42.7,23.5,13.5,8.2,4.9,4.2,19.2,21.4,100.3,-0.9
Houston Rockets,82,45,37,48.2,38.8,85.5,45.4,8.1,21.9,36.8,16.8,21.6,77.6,10.7,31,41.6,22.7,14.8,8.5,6.1,4.4,20.4,20.3,102.5,-3.5
Indiana Pacers,81,49,32,48.4,34.5,82.2,42,5.4,16.6,32.7,16.2,21.3,76,11.2,29.6,40.9,19.2,13.5,7.5,5.7,6.3,21.9,20,90.7,-4
Los Angeles Clippers,82,56,26,48.1,34.6,78,44.3,7.6,20.5,37.3,17.9,23.9,74.9,10.9,28.2,39.1,22.1,16.1,7.4,4.1,5.6,20.9,20.9,94.6,-6.5
Los Angeles Lakers,82,45,37,48.2,39.7,87.6,45.3,7.5,21,35.7,14.2,19.4,73.2,11.5,31.1,42.7,23.4,12.9,8.5,4.8,5.2,23.1,17.9,101,-1.2
Memphis Grizzlies,82,56,26,48.3,33.5,77,43.5,6.1,18.2,33.8,16.1,21.5,74.8,10.3,28.8,39.1,19.5,15.5,7.3,5.5,5.3,20,20.2,89.3,-4.1
Miami Heat,82,66,16,48.5,35.6,80.9,44,7.6,21.7,35,16.2,21.2,76.6,11.2,28.9,40.1,20.2,15.6,7.9,3.2,5.4,20.4,18.7,95,-7.9
Milwaukee Bucks,82,38,44,48.4,38.4,84.7,45.4,6.5,18.5,34.8,17,22.5,75.9,12.4,33.6,46,23.1,16,8,4.4,6.7,19.1,19,100.4,1.5
Minnesota Timberwolves,82,31,51,48.1,38,81.2,46.8,7,19,36.9,15.2,20.1,75.2,10.6,31.5,42.1,22.3,15.9,8.1,5.9,4.7,22.5,18.4,98.1,2.4
New Orleans Hornets,82,27,55,48.2,37,78.5,47.1,7.7,20.6,37.4,16.3,21.5,75.9,10.2,29.2,39.3,23.4,13.2,7.9,6,5.4,18.7,20.4,97.9,3.9
New York Knicks,82,54,28,48.1,35.6,77.6,45.8,7.8,21.8,35.7,16.8,22.2,75.7,10,31.6,41.6,19.3,15.1,6.4,4,3.6,19.2,20.1,95.7,-4.2
Oklahoma City Thunder,82,60,22,48.4,36.2,85,42.5,7.4,21.5,34.6,16.7,21.6,77.4,12,28.7,40.7,20.5,14.8,8.2,3.9,7.6,20.7,20.2,96.5,-9.2
Orlando Magic,82,20,62,48.2,38.6,83.4,46.3,7.5,21,35.9,16.3,22.1,73.8,10.8,31.9,42.8,23.7,12.4,7.2,5.2,4.4,16.5,19.4,101.1,7
Philadelphia 76ers,82,34,48,48.2,36.8,81,45.4,6.7,19.2,34.9,16.2,21.4,76,11,33,44,22.8,14.3,7.2,4.8,4.7,16.2,18.4,96.5,3.3
Phoenix Suns,82,25,57,48.3,38.8,82.6,47,6.9,17.9,38.8,17.1,22.6,75.7,11.7,31.7,43.4,22.8,15.3,8.3,5.1,5.3,18.4,20.6,101.6,6.5
Portland Trail Blazers,82,33,49,48.4,39.3,83,47.4,6.4,18.7,34,15.7,20.6,76.1,11,31.4,42.4,23.7,13.1,8.4,4.4,4.3,18.7,18.5,100.7,3.2
Sacramento Kings,82,28,54,48.4,39.3,83.3,47.2,7.6,21.5,35.5,18.9,24.1,78.3,11.9,31.7,43.6,25.1,14.7,7.6,6.3,4.2,20,20.9,105.1,4.9
San Antonio Spurs,82,58,24,48.5,37.5,84.9,44.2,6.3,17.9,35.3,15.2,20,76,11.1,31.4,42.5,21.4,14.9,8.2,4.9,5.4,19.1,17.4,96.6,-6.4
Toronto Raptors,82,34,48,48.7,36.2,79.2,45.8,6.7,18.4,36.1,19.6,26.2,74.7,10.7,31,41.7,21.9,14.3,7,4.7,4.8,20.1,22.4,98.7,1.5
Utah Jazz,82,43,39,48.5,36.6,79.9,45.8,6.8,18.5,37,18,23.8,75.7,11,29.8,40.8,20.6,14.7,7.8,5.9,6.3,20.4,21.3,98.1,0.1
Washington Wizards,82,29,53,48.4,35.9,81.7,44,7.1,20.5,34.9,16.8,22.8,73.8,11,33.2,44.2,21.5,14.5,7.8,4.4,4.6,19.1,20.5,95.8,2.5
Atlanta Hawks,66,40,26,49,36.1,81.3,44.4,5.9,17.2,34.4,15.1,20.1,75.3,10.8,31.5,42.3,20.5,15.1,7.5,4.7,4.6,19.1,17.8,93.2,-3.4
Boston Celtics,66,39,27,48.3,33.4,79.7,41.9,5.2,16.9,30.8,17.2,22.7,76,11.8,31.4,43.2,18.7,15.7,7.8,4.6,5.5,18.4,19.9,89.3,-2.5
Charlotte Bobcats,66,7,59,48.2,38.9,82,47.5,6.2,17.3,35.6,16.9,22.5,75,11.8,33.2,45,23.3,13.5,7.6,5.7,5.5,20.3,18.9,100.9,13.9
Chicago Bulls,66,50,16,48.3,34.6,82.1,42.1,4.6,14.2,32.5,14.3,19.4,74,11.4,28.6,40,18.9,13.3,7.4,5.2,5.9,17.7,17.3,88.2,-8.2
Cleveland Cavaliers,66,21,45,48.4,38.4,82.3,46.7,6.8,18.7,36.2,16.6,22.2,74.8,11.4,31.4,42.8,23.1,13.9,7.9,6.2,4,20.9,20,100.2,7.2
Dallas Mavericks,66,36,30,48.7,35.6,81.7,43.5,7.2,20.7,34.6,16.5,22.1,75,11,32.9,43.9,20.5,14.7,8.5,4,5.1,18.4,18.6,94.8,-1
Denver Nuggets,66,38,28,48.6,38.5,84.4,45.6,8.7,22.6,38.3,15.6,20.5,75.9,11.1,29.2,40.3,23.2,15.6,7.9,6.7,5,22,19.7,101.2,-2.9
Detroit Pistons,66,25,41,48.4,36,78,46.2,6,16.9,35.5,17.6,23,76.5,10.7,30.1,40.7,22.5,14.5,8.5,5.3,4.2,19.4,19.6,95.7,4.8
Golden State Warriors,66,23,43,48.2,37.3,82.3,45.3,7.1,19.4,36.5,19.5,26.1,74.7,13.2,32.7,45.8,23.1,14.8,7.6,5,5.5,16.6,21.4,101.2,3.4
Houston Rockets,66,34,32,48.7,37.5,82.2,45.6,5.6,17.2,32.5,17.3,22.6,76.6,11,30.7,41.8,20,14.7,7.5,5.2,4.8,18.4,20.4,97.9,-0.2
Indiana Pacers,66,42,24,48.5,34.9,80.4,43.5,6.7,19.1,35.1,17.9,24.5,72.9,12,30.3,42.3,19.6,14.9,6.6,6,5.4,21.6,21.7,94.4,-3.3
Los Angeles Clippers,66,40,26,48.4,34.5,77.2,44.7,7,19.1,36.5,19,25.4,74.6,10.8,29,39.8,20.7,14.6,6,4.5,4.8,21.2,21.2,95,-2.6
Los Angeles Lakers,66,41,25,48.7,37.8,86.4,43.7,6.7,19.3,34.8,13.7,18.4,74.2,11.5,29.5,41,21.9,11.3,8.4,4.6,5.3,20.2,16.8,95.9,-1.4
Memphis Grizzlies,66,41,25,48.3,34.5,77.8,44.4,6.3,18.3,34.5,17.6,23.1,76.4,11,29.6,40.7,19.3,17.1,7.8,5.5,5.2,19.3,19.9,93,-2
Miami Heat,66,46,20,48.6,34.6,79.8,43.4,7.3,20,36.3,16,22.1,72.5,11,28.7,39.8,19.7,16.8,8.3,4.2,5.4,20.5,19.4,92.5,-6
Milwaukee Bucks,66,31,35,48.1,37.1,82.6,44.9,6.6,18.9,35.1,17.9,23.3,76.9,12.3,32.4,44.7,21.7,15.9,7.6,4.5,5.1,19.4,19.3,98.7,-0.3
Minnesota Timberwolves,66,26,40,48.3,39,85.7,45.5,6.2,18.1,34,16,21.2,75.5,11.7,31.8,43.4,21.5,13.3,8.3,5.7,4.4,21.7,18.4,100.1,2.2
New Jersey Nets,66,22,44,48.2,37.9,80.2,47.2,6.5,17.4,37.4,16.8,22.6,74,11.8,30.8,42.6,23.3,14.3,8,5,3.9,19.3,19.2,99.1,6
New Orleans Hornets,66,21,45,48.3,34.9,78.6,44.4,6.4,20.3,31.7,17.1,22.5,75.9,11.1,28.9,40,20.9,13.9,7.9,5.8,4.8,18.7,20.1,93.4,3.8
New York Knicks,66,36,30,48.3,35.1,79.4,44.2,6.7,18.8,35.9,17.7,24.1,73.6,10.9,31,41.8,18.9,17,8.1,5.1,4.2,21.8,21.1,94.7,-3.2
Oklahoma City Thunder,66,47,19,48.5,36.4,85.3,42.7,6.4,18.7,34.2,17.7,23,76.8,12.7,28.6,41.3,19.9,14.2,8.2,4.9,8.2,20,20.5,96.9,-6.1
Orlando Magic,66,37,29,48.4,35.9,80.1,44.9,6.3,18.1,34.7,15.2,19.7,77.2,10.1,31.2,41.3,20.5,13.1,7.5,4.1,4.2,19.8,17.7,93.4,-0.8
Philadelphia 76ers,66,35,31,48.2,34.3,80.3,42.7,5.4,16.2,33.4,15.4,20.5,75.2,10.7,33,43.7,19.6,13.9,5.9,4.8,5.2,16.2,17.5,89.4,-4.2
Phoenix Suns,66,33,33,48,38,83.5,45.5,6,17.1,35.2,16.7,21.9,76.2,12.2,31.3,43.4,21.5,14.1,8,4.4,5.5,19.6,18.7,98.6,0.2
Portland Trail Blazers,66,28,38,48.4,37.5,81,46.3,6.7,18.4,36.3,16.1,21.5,74.7,11.1,31.2,42.3,21.1,14.9,7.6,4.8,4.9,19.8,19,97.8,0.6
Sacramento Kings,66,22,44,48.2,40.4,85,47.6,6.7,18.7,35.5,16.9,22.2,76.2,12.3,32.6,45,23.8,15.4,7.8,6.4,4.9,19.9,19.5,104.4,5.7
San Antonio Spurs,66,50,16,48.3,38.1,84.2,45.2,6.2,17.7,35.3,14.1,18.7,75.6,10.3,30.9,41.2,19.6,13.7,7.4,5,4.4,18.8,17.3,96.5,-7.2
Toronto Raptors,66,23,43,48.4,33.8,77.7,43.5,6.1,18.5,32.8,20.2,27.2,74.4,10.3,30.3,40.5,20.1,13.2,7.2,4.9,4.9,18.4,23.2,94,3.3
Utah Jazz,66,36,30,49,36.4,80.5,45.3,6.5,19.1,34,19.7,26.2,75.4,11,30.1,41.2,20.5,14.7,7.5,5.7,5.8,20.7,21.8,99,-0.6
Washington Wizards,66,20,46,48.1,36.7,81.1,45.3,6.5,18.4,35,18.6,24.5,75.8,12.3,31.2,43.5,21.5,15.2,7.9,4.5,6.3,18.7,21.3,98.4,4.8
Atlanta Hawks,82,44,38,48.1,36.7,79.7,46,5.6,16.6,33.8,16.8,21.7,77.4,10.2,30.3,40.6,21.4,12.5,6.7,4.2,4.2,18.5,19,95.8,0.8
Boston Celtics,82,56,26,48.2,33.8,77.7,43.4,5.4,15.9,34,18.2,24.1,75.6,10.5,29.1,39.6,18.7,15.4,7,4.4,4.2,20.2,20.5,91.1,-5.4
Charlotte Bobcats,82,34,48,48.3,36,79.2,45.5,7,19.6,35.9,18.2,23.3,78,9.8,29.8,39.6,21.7,13.2,7.3,6,5.3,21.1,20,97.3,4
Chicago Bulls,82,62,20,48.4,34.2,79.5,43,5.2,16,32.6,17.7,23.1,76.4,10.1,28.3,38.4,19,14.1,6.9,5.8,5.7,20.1,20,91.3,-7.3
Cleveland Cavaliers,82,19,63,48.2,39.4,83,47.5,8.1,19.7,41.1,17.5,23.1,75.9,10.9,32.6,43.5,24.2,13.5,7.5,6,4.2,21.3,20.1,104.5,9
Dallas Mavericks,82,57,25,48.1,36.5,81.2,45,6.2,18,34.3,16.7,22.3,75,10.7,30,40.7,20.6,13.6,7.6,3.7,4.3,20.1,19.2,96,-4.2
Denver Nuggets,82,50,32,48.1,38.5,83.9,45.9,7,20.4,34.4,18.8,24.8,75.6,10.5,30.8,41.3,22.2,13.7,7.5,6,4.3,22.7,21,102.7,-4.8
Detroit Pistons,82,30,52,48.5,37.9,78.1,48.6,6.4,17.8,35.8,18.3,23.9,76.6,10.6,30.1,40.7,23.3,14.1,6.9,4.6,4,18.8,19.9,100.6,3.6
Golden State Warriors,82,36,46,48.4,38.7,82.8,46.7,6.9,19.3,35.8,21.4,27.6,77.6,12.8,32,44.8,24.7,16.1,8.2,4.3,5,18.4,22,105.7,2.3
Houston Rockets,82,43,39,48.5,39.8,85.1,46.8,5.5,15.2,35.8,18.6,23.8,78.1,11.6,31.1,42.8,20.8,13.7,7.2,5.5,4.5,21.4,20,103.7,-2.2
Indiana Pacers,82,37,45,48.2,37.5,83.4,44.9,6.2,17.4,35.9,19.7,26.3,75,11.4,31.9,43.3,20.4,13.9,7.5,5.7,5.6,21.4,21.7,100.9,1.1
Los Angeles Clippers,82,32,50,48.4,37.1,81.6,45.5,7.1,19.5,36.5,20.4,26.4,77.1,11.1,29.4,40.5,22.3,13.7,8,4.9,4.9,22.1,21.1,101.8,3.1
Los Angeles Lakers,82,57,25,48.4,36.7,84,43.7,6.8,20.3,33.5,15.2,19.9,76.5,12.2,29.3,41.5,22.3,13.6,7.1,4.5,5.1,20.7,19,95.4,-6.1
Memphis Grizzlies,82,46,36,48.5,36.2,79.1,45.7,7.2,19.4,36.9,18.1,23.8,76.1,11,29.1,40.1,21,16.7,7.5,6.2,5.4,21.4,20.8,97.6,-2.3
Miami Heat,82,58,24,48.2,35,80.7,43.4,6.7,19.3,34.5,18,24.1,74.4,10.5,28.6,39.2,20.1,13.2,7,3,5.2,21.8,20.4,94.6,-7.5
Milwaukee Bucks,82,35,47,48.4,34.6,77.3,44.7,5.3,16,33.4,18.3,23.7,77,10.2,32.1,42.3,20.2,15.2,6.2,4.8,4.9,20.7,20.5,92.7,0.8
Minnesota Timberwolves,82,17,65,48.2,39.4,84.2,46.8,7.8,20.8,37.4,21.1,27.2,77.8,11.1,31.4,42.6,24.8,14.4,9.5,5.5,5.1,20.9,22.3,107.7,6.6
New Jersey Nets,82,24,58,48.8,37.4,80.5,46.5,6.2,17,36.4,19.4,25.8,75.1,10.4,31.4,41.8,22.2,12.3,6.8,4.6,4.7,20,22,100.4,6.2
New Orleans Hornets,82,46,36,48.4,35.1,76.9,45.7,6.8,19,35.7,17,22,77,9.4,30,39.3,21.2,14.5,6.1,4.8,4.4,20.4,21,94,-0.9
New York Knicks,82,42,40,48.2,39.5,83.8,47.2,6.5,17.6,37.2,20.1,26.4,76.2,11.8,32.3,44,20.5,15.2,7.1,4.4,5.8,20.8,21.3,105.7,-0.8
Oklahoma City Thunder,82,55,27,48.8,38.1,83.2,45.8,5.9,16.3,36.1,19,25.5,74.4,11.4,29.2,40.6,20.9,14,7.2,4.3,5.9,21.5,22.4,101,-3.8
Orlando Magic,82,52,30,48.4,34.9,80.1,43.6,6.3,18,35,17.6,23.7,74.3,9.8,29.9,39.7,20.1,13.9,7.4,3.8,4.7,21.8,20,93.7,-5.5
Philadelphia 76ers,82,41,41,48.6,36.5,81,45.1,5.7,16.8,34,18.7,24.2,77.3,10.7,31.8,42.5,21.5,14.2,7.1,4.6,4.3,18.8,19.4,97.5,-1.5
Phoenix Suns,82,40,42,48.8,40.4,85.6,47.2,7.1,19.5,36.7,18.1,24,75.4,12,32.3,44.3,23,14.5,7.9,4.3,4.4,21.2,20.3,105.9,0.9
Portland Trail Blazers,82,48,34,48.3,35.4,75.8,46.7,6.5,17.6,36.7,17.5,22.8,76.7,10.6,29.1,39.7,19.2,15.7,6.9,4.1,4.4,21.3,19.3,94.8,-1.5
Sacramento Kings,82,24,58,48.4,39.8,83.2,47.8,5.9,16.5,35.5,19.4,25.4,76.2,10.6,30.6,41.2,21.7,14.7,8.1,5.7,4.8,21,22,104.7,5.3
San Antonio Spurs,82,61,21,48.2,38.1,83.7,45.6,5.8,15.9,36.7,15.9,20.7,76.6,10.8,30.4,41.2,20.5,13.4,6.9,4.6,4.5,20.7,19,98,-5.7
Toronto Raptors,82,22,60,48.2,39.2,81.3,48.2,6.6,17.5,37.6,20.4,26.5,76.9,11.1,30,41.1,22.6,13.9,7.6,5.6,4.3,19.8,22,105.4,6.3
Utah Jazz,82,39,43,48.5,36.2,78.8,45.9,7.2,19.2,37.6,21.7,27.9,77.8,11.3,29.6,40.9,20.7,14.6,7.4,5,5.9,22,22.7,101.3,1.8
Washington Wizards,82,23,59,48.6,38.7,82.2,47.1,6.8,18.3,37.3,20.4,26.9,76.1,12.1,31.8,43.9,23.1,15.8,7.6,5,6.1,20.3,22.6,104.7,7.4
